{"cameraMode":{"drawMode":0,"name":"Shaded","section":"Shading Mode"},"sceneLighting":false,"audioPlay":false,"sceneViewState":{"showFog":true,"showMaterialUpdate":false,"showSkybox":false,"showFlares":true,"showImageEffects":true,"showParticleSystems":true},"in2DMode":false,"pivot":{"x":3.3986079692840578,"y":2.20650315284729,"z":1.0860090255737305},"rotation":{"x":-0.040041595697402957,"y":-0.19154879450798036,"z":0.007821516133844853,"w":-0.9806349277496338},"size":1.6677076816558838,"orthographic":false}